replicate,group,seed,phase2_B,phase2_L,phase2_S,phase2_K,phase3_B,phase3_L,phase3_S,phase3_K,phase3_B_max,delta_B,delta_L
1,control,89250953,42.260502920891085,8.498584026424844,0.015606836768458459,25.33458333736192,53.83136424675035,8.73791702555599,0.5560596809101356,32.30429048361739,70.0,11.570861325859262,0.2393329991311468
2,control,773956048,40.47652769974193,6.494595640381077,0.24906297490260335,24.293540225368712,54.49737099953211,5.820214306940955,0.08337192685777915,32.72151470963484,70.0,14.02084329979018,-0.6743813334401221
3,control,654571518,43.6100842322884,5.263680200346327,0.020163054810004494,26.14882241635787,58.58935834890412,6.565726282320008,0.3126342767607378,35.16546259974835,70.0,14.97927411661572,1.302046081973681
4,control,438878439,42.88439506998922,4.811223000472621,0.013977902828542792,25.09202838036805,58.82398028673039,7.271427099660377,0.37508262865008396,35.27914429002713,70.0,15.939585216741172,2.460204099187756
5,control,433015235,41.16460631182069,6.567100759171868,0.3357284911738312,24.619986435452006,61.05962700562295,5.771570757499965,0.08291373737672653,36.59425372017446,70.0,19.89502069380226,-0.7955300016719038
6,control,858597919,40.569439372313255,6.503541582001811,0.07601351892085714,24.357929345006806,47.34639712661794,9.165182587751776,0.3541103468426759,28.409090992508908,70.0,6.776957754304682,2.6616410057499644
7,control,201469535,42.23249993523266,6.111513202090169,0.08675326010944358,25.337836394261775,51.85151231350135,5.482149830830091,0.05053466951415544,31.09071712376118,70.0,9.619012378268692,-0.6293633712600784
8,control,94177347,38.578362829530775,8.489221706223839,0.0763111495664353,23.145237972350493,59.65554324028757,9.317510731288719,0.2454021892401146,35.82104261008802,70.0,21.077180410756796,0.8282890250648798
9,control,526478978,42.79078064127118,6.803898900586085,0.3431722222996017,25.535115004983293,50.121114097289244,10.463970572167408,0.12009561275920091,30.08979858535045,70.0,7.33033345601806,3.6600716715813233
10,control,975622351,40.87540462017426,6.948188491864578,0.3832562922370512,24.508361921632975,52.15513933796868,7.646859752180815,0.25793471544402236,31.299609323294767,70.0,11.279734717794419,0.6986712603162362
11,control,735752370,43.64546198801714,6.482776284344225,0.028104537646237972,26.175929639464698,57.74903579760483,6.797687927373324,0.20769216454842518,34.63832850117912,70.0,14.103573809587694,0.3149116430290988
12,control,761139701,41.43163273403363,5.985846761945355,0.16318577348540583,24.826741116750394,53.63148410950325,8.957730210991844,0.4143563354448182,32.190553351063905,70.0,12.19985137546962,2.971883449046489
13,control,717477276,40.14947248724223,5.775893018642829,0.01591944630661581,24.08018278345796,64.62198271898384,5.198475403147835,0.01626477140508962,38.669108030401006,70.0,24.472510231741616,-0.5774176154949933
14,control,786064305,42.50283296077844,6.559161546402611,0.08546343024757029,25.48031847302401,61.456491036478454,8.009522944885124,0.22885458506499196,36.88723574376321,70.0,18.953658075700012,1.4503613984825128
15,control,513226573,41.612144336792745,5.44299131185301,0.1101620175474033,24.918542285639802,61.8960517381728,8.451222652824864,0.29284261523661703,37.13977693456412,70.0,20.283907401380056,3.0082313409718537
16,control,128113632,38.14889599264292,6.1232518475771,0.27637473787546724,22.779467833120346,47.224748570327414,6.41238828308337,0.02036944569311266,28.361476271205966,70.0,9.075852577684493,0.2891364355062702
17,control,839748229,40.566523426132164,6.229397534969316,0.16529041959966564,24.306139948227553,53.3633624477585,8.04297827964413,0.3656209095351459,32.03673279329398,70.0,12.796839021626333,1.8135807446748142
18,control,450385937,45.50557697995818,7.089090776067232,0.10430459172448855,27.305160515564005,54.85887256838882,7.1923429990047785,0.3188867504868143,32.949309443457075,70.0,9.35329558843064,0.1032522229375461
19,control,500351915,43.06737110516401,6.48262188876655,0.07651549627432462,25.830405561663593,56.34266363395725,9.110381322092476,0.2572310850733437,33.74508310808067,70.0,13.275292528793244,2.6277594333259255
20,control,370798024,39.26652421720544,6.759050888626587,0.10830386989267657,23.560470936572106,54.01534478944442,11.375863431783998,0.2782113799601409,32.41202582193169,70.0,14.748820572238976,4.616812543157411
21,control,182549636,44.53489519512853,5.990544426823698,0.24955527502803018,26.715091575530682,64.09005434021226,9.885452543130116,0.3747897107902154,38.396278883417146,70.0,19.555159145083735,3.894908116306418
22,control,926764988,43.966664230751455,4.8654166269375665,0.020314561304909964,26.050326135389305,53.18737511797069,5.024721278198906,0.00962224136430161,31.79994230373732,70.0,9.220710887219234,0.15930465126133964
23,control,781567455,41.06007834423,5.190227134565348,0.06570542936455216,24.556688120204186,50.37775717305796,7.19680258268247,0.07128012029626866,30.19369166248268,70.0,9.317678828827958,2.006575448117122
24,control,643865119,41.69292623419545,5.728054650066216,0.020014636949208898,25.028841991857124,47.17519733933337,8.689411837894593,0.29925232364708876,28.310764016218336,70.0,5.482271105137926,2.9613571878283764
25,control,402414364,42.28700822427288,6.005690560991083,0.09561301954172843,25.36023149263726,55.76935080317517,7.748123569404521,0.06116637242236785,33.48360726773835,70.0,13.48234257890229,1.742433008413438
26,control,822761613,41.954472849959345,5.575210952924153,0.1217108957828556,25.09681477678153,53.97186454058263,5.974525286829257,0.04492867684680557,32.397636825975454,70.0,12.017391690623285,0.39931433390510396
27,control,545429118,40.69687346751681,6.2694801714927815,0.05947934617452889,24.43035192567487,46.634096100899086,5.85152644077142,0.20267806769519678,27.68281492132695,70.0,5.937222633382277,-0.41795373072136144
28,control,443414198,42.84222004848064,6.0106343722327535,0.1816387775566153,25.648761107445626,66.04779978455048,6.145795761144982,0.11494163966903159,39.60048242703892,70.0,23.205579736069836,0.13516138891222873
29,control,450459553,39.92434791246536,6.472667007586064,0.3451204989395126,23.964208265085112,52.894622217219556,8.532350163305571,0.04391737899089768,31.80543941520637,70.0,12.970274304754199,2.059683155719507
30,control,227238721,44.02287128860249,5.787240428238606,0.1249402209478788,26.4169736748372,57.856106589227494,9.078738843839908,0.36045275085930917,34.673132583294745,70.0,13.833235300625006,3.2914984156013016
31,control,92135914,40.945678218688116,4.99772166639104,0.029826132048339525,24.110452611645275,60.57222414257649,8.62480142144407,0.3364091196000935,36.315189262354885,70.0,19.626545923888372,3.62707975505303
32,control,554584786,38.98000176088205,5.678266915036051,0.15922860694943256,23.371327361489634,51.381164918511274,5.980513619188658,0.18124746307718628,30.849951892813714,70.0,12.401163157629227,0.3022467041526067
33,control,887889843,38.762357522619716,5.296342725049664,0.048846965679737536,23.208070236653604,58.64561412129142,6.926815338341509,0.01734704108250582,35.18828165456647,70.0,19.883256598671707,1.630472613291845
34,control,63817255,39.90062808308753,5.974389856171014,0.1668770592207096,23.928937937636576,48.64746422739387,8.506644089023618,0.12594413134873286,29.188151831089925,70.0,8.746836144306336,2.5322542328526048
35,control,858291293,44.03906727456562,6.3907446902299805,0.026815892390311454,26.419142224753973,49.01740342054383,5.6026298591333,0.11001629140081456,29.23325148095391,70.0,4.978336145978211,-0.7881148310966806
36,control,827631171,42.72944943527789,5.41615727874655,0.0740482229201655,25.559784272787407,52.72855865950664,6.818450891721732,0.30519104705779515,31.632687766823924,70.0,9.999109224228746,1.402293612975182
37,control,276759694,43.78168745722595,10.104010300024477,0.305233575558134,26.281125967088986,55.65628787962733,10.1240062031864,0.3031270428812734,33.402662619198885,70.0,11.874600422401379,0.019995903161923678
38,control,165229079,42.506911279186696,6.8296494514683035,0.281413775661271,25.51085640474804,61.74565827545311,13.139196454809662,0.027737095949826682,37.02359764666139,70.0,19.238746996266414,6.3095470033413585
39,control,700522966,40.80018316997094,5.193736071897659,0.026991904798534427,24.429974445784072,63.822825134357004,5.91455420315443,0.05997080503668654,38.253153443572536,70.0,23.02264196438606,0.7208181312567712
40,control,354525967,42.86176967818341,5.314028827646249,0.08745088617189374,25.69601456334293,51.396108400409446,8.15955012783611,0.17083514842734462,30.822611662103498,70.0,8.534338722226039,2.8455213001898603
41,control,67920001,40.33221221954507,5.705870673970766,0.05377105086664424,24.21212863665889,43.569210349653964,5.379789805534013,0.12686862751073483,26.038751782545084,70.0,3.236998130108894,-0.3260808684367529
42,control,970698024,41.351470181172616,6.04133766742435,0.15530761077829625,24.78728818863151,53.48270726226967,7.682193028847089,0.09702829684624559,32.15606132473506,70.0,12.131237081097055,1.640855361422739
43,control,445687486,40.753804267305476,5.695451436900449,0.04138900536979513,24.565378381794194,54.059179225228405,5.764309759704082,0.20031018308029114,32.41823221145833,70.0,13.305374957922929,0.06885832280363235
44,control,893121121,40.46702567695723,6.329423715611332,0.048595010739995545,24.29538435535136,63.292290978334016,6.154067531235613,0.015536266434547162,37.998428533735016,70.0,22.82526530137679,-0.17535618437571898
45,control,677919011,40.56537275752846,5.012651603572175,0.05222248734665061,23.953690521623695,51.877794344745354,6.725559243562504,0.3663174013617733,30.744947057289192,70.0,11.312421587216896,1.7129076399903287
46,control,778383496,39.78408334274506,6.467102787952884,0.33104085018677754,23.86053658639865,61.94722948977902,11.285589645025157,0.5848754605785595,37.225112743752554,70.0,22.163146147033956,4.818486857072273
47,control,759899441,41.596072650182975,7.775129747275368,0.22873948464723964,24.93260322705833,63.26450528225536,7.0325804504836835,0.3414280663718357,37.953040242714025,70.0,21.66843263207238,-0.7425492967916849
48,control,194638707,43.4728830163251,8.878631552157055,0.09624251663385845,26.07099859002697,64.4084399893188,9.935787624931741,0.6788936060111194,38.65375005809136,70.0,20.935556972993695,1.0571560727746867
49,control,363906031,43.24729796631232,5.200921368034435,0.14144133224325556,25.31569541339613,64.4679083738536,8.569718090960777,0.5264748888658091,38.673401500620884,70.0,21.220610407541287,3.3687967229263416
50,control,466721003,40.95558211464579,6.322709459305597,0.03653186634239586,24.601671148996942,47.82040102960066,4.85391694547062,0.0127375424409517,28.301235226428936,70.0,6.864818914954867,-1.4687925138349769
51,control,497791541,42.12824183501395,5.384072257958816,0.009397306026916347,25.23622971329821,59.15533475118187,6.902624025461487,0.1909912245408904,35.521331710046574,70.0,17.027092916167916,1.5185517675026707
52,control,43803765,40.87938208544442,5.602645163301018,0.18046341761226004,24.483299398166796,55.31940456990556,6.283816071381492,0.028361760592029262,33.19529842632533,70.0,14.440022484461139,0.6811709080804738
53,control,546569503,41.379293178328695,5.279070059811357,0.015953687653310348,24.82682858485089,52.511403252112224,6.107139366988669,0.2217205694208281,31.512000434448368,70.0,11.13211007378353,0.8280693071773122
54,control,154289491,42.69609312635976,5.3300852491884765,0.021853522264467087,25.511962047403067,51.01620847890251,11.613940023712065,0.650686941044931,30.599717219279228,70.0,8.32011535254275,6.283854774523588
55,control,743375907,43.854407015681694,5.391718134942665,0.020643885727549032,26.234944663292133,57.337238982128824,6.43792984752682,0.04382457478102511,34.405622573499464,70.0,13.48283196644713,1.0462117125841548
56,control,683048953,39.64289504511506,7.562489819434269,0.3048484410753066,23.795512006854363,53.436080333109196,5.721406516419793,0.1151243009247516,32.03593477135786,70.0,13.793185287994135,-1.841083303014476
57,control,922527839,41.94353203065228,6.92745162631533,0.3811853293177785,25.109303654754846,62.00020823126183,5.209067056569238,0.17153028599152662,35.8280054420351,70.0,20.05667620060955,-1.7183845697460916
58,control,744762155,41.78595554530088,5.113107441619246,0.11294131202605229,24.40821048476124,59.809888777475045,9.024893568728686,0.06610888440495405,35.88361362969965,70.0,18.023933232174166,3.9117861271094396
59,control,366642656,42.23628276661732,7.020977707320994,0.26396215405473494,25.37876558156864,52.720909973589556,4.906136354622987,0.04019745511019498,30.445097040673303,70.0,10.484627206972235,-2.114841352698007
60,control,967509732,43.40590108890574,4.898223818593737,0.013131124378456299,25.654155797571047,53.52804670485451,5.549845592802197,0.014423991462434458,32.078390120514,70.0,10.122145615948767,0.6516217742084605
61,control,905535765,42.257942909264585,5.787335100064874,0.24511112726575585,24.911026174067747,61.91832610612073,10.341266007926217,0.48287856681961594,37.18700488595711,70.0,19.660383196856145,4.553930907861343
62,control,370459705,40.52213822227722,8.163077641036745,0.3126294699547137,24.330473361703742,51.369191402618036,7.7171854780283216,0.23290519175306565,30.852546986040096,70.0,10.847053180340815,-0.4458921630084234
63,control,76343185,43.046865368668286,7.084731048911016,0.1907082406867439,25.862086828489094,47.87421273016888,9.45760151373276,0.1355490923679157,28.722663114083055,70.0,4.827347361500593,2.3728704648217436
64,control,469555811,45.1618571605411,6.0544706460966555,0.030733831182856556,27.097547972931352,59.24189154730931,6.6760259219167715,0.11257907782807766,35.545523711939865,70.0,14.080034386768205,0.6215552758201159
65,control,795679975,40.39693930724794,5.63513704144507,0.010828030778415225,24.231553310221557,53.68425001003628,8.78872757203325,0.48074804706369095,32.20633500602375,70.0,13.28731070278834,3.153590530588181
66,control,189471358,40.81826473254754,7.1441613014059655,0.20718085196499839,24.525781588775118,60.722233664962744,8.928473857211491,0.31650213617303735,36.428253343574006,70.0,19.903968932415204,1.784312555805526
67,control,462940571,41.528728891714216,10.083076897477357,0.3064823897530712,24.885055638298205,62.118977237235185,9.869121739398704,0.08820053145955266,37.30716081488356,70.0,20.59024834552097,-0.21395515807865273
68,control,129921505,43.86130761409555,10.357035491262273,0.44559104444873493,26.2611324545416,54.72434100490448,12.120975053850005,0.6793822694248388,32.80521445257229,70.0,10.86303339080893,1.7639395625877317
69,control,686478210,40.96020342098516,6.125972703025052,0.14789793123969464,24.56977107636736,60.8165710499424,8.234308058911378,0.18440867674243278,36.506490993312866,70.0,19.856367628957237,2.108335355886325
70,control,330196333,42.39562469494775,7.680204903065012,0.09412866005909852,25.439234123434588,63.86874947430788,12.171885967490653,0.22371808269987775,38.317259349121784,70.0,21.473124779360134,4.491681064425641
71,control,226909348,43.6194137725285,5.002521439674492,0.01974960162321679,26.082867401404314,64.78562863104571,6.728196274383273,0.08854484236508572,38.888720401003646,70.0,21.166214858517208,1.725674834708781
72,control,564499893,42.737656612069564,6.786862849949418,0.1621617945893648,25.643236061961485,54.327262967169446,5.804680717740964,0.13968312083251852,32.664484974103694,70.0,11.589606355099882,-0.9821821322084539
73,control,669813994,43.611204745366265,6.077959881159789,0.03674487865792602,26.165790639346742,55.46359979154473,8.072933516162506,0.14911225444503176,33.26325598954025,70.0,11.852395046178465,1.994973635002717
74,control,940306095,42.524855248107926,7.61258116350272,0.1027224528450346,25.552349816054274,59.748967218804566,8.938611178023354,0.22847490893486241,35.86778964732503,70.0,17.22411197069664,1.3260300145206338
75,control,437151918,41.823996392959465,5.294281004805727,0.02359856246328847,25.05869371880192,65.55280991441278,7.748902783516933,0.5047677170979428,39.32155177473893,70.0,23.72881352145331,2.454621778711206
76,control,160688162,39.319448390082606,5.0639784674409105,0.04450599388309044,23.31125304943035,55.43266034868613,6.875524936578926,0.018570506012886165,33.28080009352963,70.0,16.11321195860352,1.8115464691380154
77,control,629764301,44.26962833708276,6.615232697869262,0.044824267182603954,26.604435193613543,60.288934664069224,8.246740231558347,0.2217238684700578,36.20423156343592,70.0,16.019306326986467,1.631507533689085
78,control,700265101,40.99168262388741,5.60729767939816,0.020253265105983728,24.597811773728765,49.07517163869705,10.313728241428336,0.5238053073321048,29.440505308443147,70.0,8.083489014809643,4.706430562030176
79,control,97226634,42.73299095055173,9.427129902417716,0.34755934599878596,25.631759110259782,60.29276418524634,6.354071472488353,0.015435010298970705,36.13310453046953,70.0,17.55977323469461,-3.0730584299293637
80,control,312366641,41.01260587044763,5.597833352811118,0.0342044913157562,24.575654139675375,56.98889185436522,5.282411648365044,0.06532189593700609,34.07099940511582,70.0,15.976285983917592,-0.31542170444607365
81,control,767843914,40.80575698615754,6.469889405453921,0.09333890255237144,24.472118540917066,49.56461635611592,6.7627574360622065,0.35160901896428143,29.623624817151626,70.0,8.75885936995838,0.29286803060828515
82,control,832259801,44.49512958947019,7.1086848916816585,0.42036018358334015,26.685052431269963,53.075874040333495,10.635513055235196,0.43541839561353113,31.840989983535298,70.0,8.580744450863307,3.526828163553537
83,control,435216667,42.09654139538204,7.005437745018399,0.23283462268501523,25.26286089336503,55.494005860385194,8.438581341582088,0.055197168773686356,33.3158324857081,70.0,13.397464465003154,1.4331435965636894
84,control,804764357,42.16969401517866,6.346341493202655,0.2066008016911686,25.33464080542008,56.28548692937373,12.74631704997695,0.13671931615214178,33.7820440574813,70.0,14.115792914195069,6.399975556774295
85,control,841691868,41.89014687797049,6.858069924995819,0.26385507806197095,25.154136171259072,62.32013180486519,10.125889765155474,0.3621796134234904,37.36546879884084,70.0,20.429984926894704,3.267819840159655
86,control,387478378,42.19707501322286,6.688244356352566,0.21968632827956516,25.347407076877097,55.79602561210795,10.4622676761559,0.15151124767171942,33.465764822785665,70.0,13.59895059888509,3.7740233198033337
87,control,898087625,43.60773462839826,6.080279618079836,0.23616582996133975,26.128561754885354,63.57607473443272,8.358433912781674,0.3310943942199327,38.155561906605,70.0,19.96834010603446,2.278154294701838
88,control,288328103,44.279804080532884,6.7463375502256495,0.12503056167332285,26.576303841002616,55.53251694858079,6.832090421523725,0.12942210269943163,33.32831047932928,70.0,11.252712868047908,0.08575287129807574
89,control,239557784,43.6338792262938,6.257671725701015,0.048339445957868425,26.155771059173954,61.87312430153868,5.00821021431969,0.06966557647934138,36.77640393533311,70.0,18.23924507524488,-1.249461511381325
90,control,682495503,40.82078577845502,6.449788603085716,0.010366809114129202,24.49042593214912,64.89664727169648,7.076167294366793,0.09081376817452984,38.93997460348127,70.0,24.07586149324146,0.6263786912810767
91,control,636761825,43.31196240871772,6.017626566463368,0.09361549261358329,26.003183005582144,62.00066309023164,6.138433152432988,0.14059263095333635,37.15914462053703,70.0,18.68870068151392,0.12080658596962035
92,control,139752483,39.3421035457348,5.1850066714428085,0.06445186650752534,23.393869340596176,47.551753552490204,8.959192292035333,0.5488495095742996,28.54166731213012,70.0,8.209650006755403,3.774185620592524
93,control,832736746,45.49129869145656,7.385535004755135,0.46910025218589657,27.263910797769547,59.66410053878836,9.626820246086888,0.6295288315664684,35.78932118893025,70.0,14.172801847331804,2.241285241331753
94,control,199908202,43.01098196670698,6.939625638752435,0.13665200768999383,25.7898307291826,56.212025465440256,5.950593598214911,0.2535129217869667,33.60777101533384,70.0,13.201043498733277,-0.9890320405375244
95,control,7362269,43.65948174740114,7.450953348106277,0.31758177992448433,26.19147588209084,50.29584302285562,7.213601111400394,0.35243684113295487,30.12393538105227,70.0,6.636361275454483,-0.2373522367058829
96,control,796842586,40.00856455465691,7.293425010643292,0.014549937886203804,24.01080298632425,55.89732217608961,5.886011241746117,0.11174862624863643,33.513165299115556,70.0,15.888757621432703,-1.4074137688971744
97,control,786924377,41.09404753527473,6.121414939210017,0.12174609429628015,24.653365927255837,53.71086235178295,5.401059243276176,0.1490618324832303,31.981152051264974,70.0,12.616814816508217,-0.7203556959338409
98,control,780364318,40.06465458364724,6.1932272819266085,0.1527924302373204,24.082495635858862,55.262624485883585,8.312342016437736,0.1574132616367536,33.10291431296971,70.0,15.197969902236345,2.119114734511127
99,control,664850856,42.04033194760782,7.793398285425371,0.14786027176138328,25.261737842199977,49.83902138956471,5.8286527081266994,0.1969655051243593,29.88736956330474,70.0,7.798689441956888,-1.9647455772986717
100,control,471567144,41.01565213631883,7.321627126067202,0.4008468963574339,24.45478020964098,58.88670155650399,10.625485180229159,0.47083792557160425,35.36952308304164,70.0,17.871049420185166,3.3038580541619567
1,treatment,705165378,42.6842951903168,9.397872764713425,0.48539049189996303,25.61576001822263,50.59025632119934,7.204288975331603,0.4195977167747731,30.132651877849817,118.0,7.905961130882538,-2.1935837893818215
2,treatment,277121625,42.84975598394958,7.858663893416162,0.2836417943388487,25.726878555850888,64.06765011605711,12.146269619920991,0.34764715836557497,38.42044909193748,118.0,21.21789413210753,4.287605726504829
3,treatment,780729030,40.72495039564719,8.758985788706903,0.13810440119278072,24.43522789268114,37.47808098189648,8.433942232666283,0.18665702772278292,22.486875872690362,118.0,-3.2468694137507086,-0.32504355604062063
4,treatment,555646960,40.742786452358516,5.656279086069884,0.12032121490378361,24.437884429312987,45.7715461563937,9.117142310130038,0.01443108785624769,27.478483660025397,118.0,5.028759704035181,3.4608632240601542
5,treatment,458915775,37.60495489036683,8.028460260394187,0.34518656050461544,22.55603375086513,47.53332516660268,8.666730119930193,0.27315887151486395,28.55736697744345,118.0,9.928370276235853,0.6382698595360061
6,treatment,505606251,41.614532501392446,10.646736867633253,0.10410285570511163,24.931529841726285,52.82008370473927,10.808345325839783,0.07951765166810765,31.686062743024042,118.0,11.205551203346822,0.1616084582065298
7,treatment,568741195,41.64186352778798,6.62060507037577,0.05763837394799803,25.018987568191573,51.73334426026283,9.141864944944958,0.14384498283471314,31.126053195824223,118.0,10.09148073247485,2.5212598745691874
8,treatment,37262311,37.95111238624742,8.824628966542091,0.48466047174287885,22.73247255167276,54.417951779307636,12.778264654590338,0.01332013108664382,32.6521377014419,118.0,16.46683939306022,3.953635688048246
9,treatment,139796998,37.69726444262426,6.924107513173827,0.21948483184029846,22.595484050339763,57.17811677531979,7.294757025214741,0.19979907622943852,34.2860229016354,118.0,19.480852332695534,0.3706495120409139
10,treatment,245481166,43.288275050521115,11.842406125706084,0.5207728920878396,26.05882146660891,42.61713169085167,10.901741752202268,0.4836146214284267,25.523950666515066,118.0,-0.6711433596694434,-0.9406643735038163
11,treatment,114530073,41.1920091647631,6.518680824222214,0.1720853285597087,24.68866849516592,45.88804924439923,9.954411109876395,0.20682012454983473,27.498925156570262,118.0,4.696040079636127,3.4357302856541807
12,treatment,439613574,44.45026854607157,6.670040255284675,0.08553849358554248,26.657967863945743,73.3117077767757,11.2875831046684,0.43774918897504006,44.0010597100046,118.0,28.861439230704136,4.6175428493837245
13,treatment,668402961,40.04438321466054,8.278339567277962,0.27036035492700183,23.987919622737135,47.510631812952326,6.718476034837717,0.1557630014204066,28.54245158582742,118.0,7.466248598291784,-1.5598635324402457
14,treatment,654428859,41.004715286401705,10.420571288639621,0.13197355432139354,24.606110677889504,56.95021205764354,8.28191735666012,0.025150296129042588,34.151330517598055,118.0,15.945496771241835,-2.1386539319795013
15,treatment,471096205,41.648567104726126,6.691908819694439,0.04722951910383843,24.996792467984427,48.770927547339525,11.362484273805691,0.10534225574505737,29.260372379198092,118.0,7.122360442613399,4.670575454111252
16,treatment,855080007,41.0988827344116,11.537795764658956,0.3313180707789974,24.65097541009986,57.08208206418359,16.71335604397189,0.2442766181354961,34.18587550955523,118.0,15.983199329771985,5.175560279312933
17,treatment,565236106,38.92156538110927,8.176092267177603,0.11128182937314858,23.27967366797274,62.32999606681784,12.468503320575058,0.06047985189867753,37.33776695203958,118.0,23.408430685708574,4.292411053397455
18,treatment,79197403,44.36149378611496,11.139426521757846,0.03612921191837525,26.59551280617648,66.28005064050876,15.775753580893124,0.46321398917599194,39.78938059730841,118.0,21.9185568543938,4.636327059135278
19,treatment,764998857,42.84474537593927,9.115724039579218,0.4298074025632438,25.696512653335223,48.81147591286863,14.293370217150699,0.027330950473530645,29.2328531220157,118.0,5.9667305369293615,5.17764617757148
20,treatment,574600623,38.5719583829905,7.774949381201588,0.21265265391695676,23.169764713710194,58.520984652346876,11.523132920541894,0.6296968974194173,35.145622042210874,118.0,19.949026269356374,3.748183539340306
21,treatment,634718319,39.23210184538631,5.281720362823396,0.08859861097991478,23.471177858344678,63.94595742479814,5.4806093918617425,0.11744974686386274,38.27769696480927,118.0,24.713855579411828,0.19888902903834627
22,treatment,565373325,43.77590962668119,7.884861604577857,0.4440555655015953,26.203152493302127,49.15531390876256,9.684339940392809,0.09325762876690448,29.484021944170674,118.0,5.379404282081367,1.7994783358149515
23,treatment,553579400,42.00422672539197,8.200905755287472,0.23907283305360055,25.20381717711158,50.313402604235016,8.393414885656806,0.3311304770613701,30.212927992872494,118.0,8.309175878843043,0.19250913036933426
24,treatment,90566425,40.1716910842797,7.6739304840254405,0.45582490517589996,24.10254011369896,56.56775463620771,8.801968534193088,0.4309163039361007,33.94925770733635,118.0,16.39606355192801,1.128038050167648
25,treatment,559207160,37.55684674890401,10.516535602357841,0.22574560506906344,22.529311642265526,58.04603390483906,7.274092899848315,0.018712527411243806,34.7949428952093,118.0,20.48918715593505,-3.2424427025095257
26,treatment,794912616,41.937752074967825,9.666498801996237,0.17125545293327102,25.174193917130797,52.452218252953074,10.342052452596613,0.5534307123552895,31.498292689398294,118.0,10.514466177985248,0.6755536506003761
27,treatment,303950097,43.40493061830502,6.010082429128459,0.13253079773727353,26.040549442440344,52.231100246273385,8.96654442854886,0.01859797493793583,31.345919317503455,118.0,8.826169627968362,2.9564619994204007
28,treatment,602838243,45.173110663136754,9.62725371783226,0.10854837002070758,27.102312673475485,81.96964634567246,6.61999814996028,0.015409182395322515,49.17941874465827,118.0,36.796535682535705,-3.0072555678719812
29,treatment,30817834,43.69630263328043,11.91909096520492,0.06971305206904188,26.198694346791722,76.97518207678769,18.431703142635058,0.10408408929961135,46.19145269660262,118.0,33.27887944350726,6.512612177430139
30,treatment,436717389,43.66676788279048,12.019431134560868,0.5224763172749555,26.201851055197693,53.46906777040416,10.654029298396425,0.5324558964704164,32.081838687597624,118.0,9.802299887613678,-1.3654018361644429
31,treatment,982738393,44.59923570461668,9.077302993725633,0.07766069327398029,26.75569432335521,63.91106403148474,12.824932044813716,0.1994834400701633,38.48651985368761,118.0,19.31182832686806,3.747629051088083
32,treatment,214584672,41.26833346039561,8.629259307033387,0.43976712565136167,24.73949899100312,47.98154980053384,14.499240227808535,0.4685119841078795,28.763113187883963,118.0,6.713216340138231,5.8699809207751485
33,treatment,276548331,40.22776644911975,10.756335353752618,0.5086491900488845,24.167438976601165,59.188852548561556,8.986559323992333,0.2965780037776894,35.509788266864724,118.0,18.961086099441808,-1.7697760297602851
34,treatment,408528643,40.54799445393502,7.309567013990701,0.19547813893079263,24.322122163931184,66.23773813718617,6.835043873593992,0.25183948419332275,39.66082805314777,118.0,25.68974368325115,-0.47452314039670984
35,treatment,992665618,42.6010805830473,6.120898678631166,0.07021143655105531,25.52610222781564,49.83168979766452,6.01873826064713,0.08111970030306756,29.90211734682908,118.0,7.230609214617218,-0.1021604179840363
36,treatment,34692964,41.556390766302826,7.513475118628714,0.05533182621709411,24.925011382044627,64.73482471078125,10.679694923385767,0.29779900718957886,38.817614501236974,118.0,23.178433944478428,3.166219804757054
37,treatment,233939485,42.387927621542175,6.043739743215624,0.06878047219928755,25.401821128838137,49.69514071704224,6.486749848435629,0.27097911027648436,29.80087457921983,118.0,7.307213095500067,0.4430101052200053
38,treatment,821674449,41.05798947331315,9.625161168995973,0.18089831602711,24.65792044426358,45.746359781199146,8.946745241235734,0.16421176160637013,27.39159556368809,118.0,4.688370307885997,-0.6784159277602395
39,treatment,58302741,44.69171506527392,7.925638601346769,0.36334694764936626,26.806361346892263,63.601915315160994,8.139083788509861,0.07774408615372909,38.163371355015755,118.0,18.910200249887076,0.21344518716309224
40,treatment,855670853,41.552595830059815,8.035828655383373,0.2682337123273117,24.927730996533477,48.60379484848016,7.115405172128169,0.015159198522416449,29.18942071746364,118.0,7.051199018420348,-0.9204234832552043
41,treatment,281383891,40.61250986859589,9.767603680205726,0.39933293917320617,24.37323046589796,47.725173685582384,9.71526749274534,0.2618364617135766,28.68873353888921,118.0,7.11266381698649,-0.052336187460385375
42,treatment,917652131,42.23620059029381,14.254741111045377,0.2851004697793083,25.351048157796303,47.36887371812639,13.373216707519202,0.5993714538829644,28.399583420580527,118.0,5.132673127832575,-0.8815244035261749
43,treatment,293593757,43.80727075426073,10.50866658916448,0.11754498166590246,26.295967177566975,63.914382948447816,11.565597248801431,0.16344918365579383,38.36358760333559,118.0,20.10711219418709,1.0569306596369508
44,treatment,434316805,43.683246369329034,9.13189517278565,0.14645158187879823,26.214423280779194,54.732041563547185,15.681797988600625,0.1230966188799145,32.868307494779245,118.0,11.048795194218151,6.549902815814974
45,treatment,661916514,43.5398737062497,7.521519676757991,0.3112622197659842,26.114869936600968,96.92096405421314,6.959112822173697,0.10727595155879924,58.146926294629914,118.0,53.38109034796344,-0.5624068545842933
46,treatment,126280735,40.511081908595735,10.980260250408893,0.1358266940607434,24.323542735346347,80.34397371515064,10.344600630754147,0.348229892356163,48.192521220202956,118.0,39.832891806554905,-0.6356596196547457
47,treatment,557032152,41.08890534381442,8.494134466571392,0.20821443376415005,24.631153446181706,47.837655488939056,10.909173276626865,0.5608612390492308,28.71744801793792,118.0,6.748750145124639,2.4150388100554725
48,treatment,505015495,42.34432160018457,7.427514736809097,0.17934474398849454,25.306483000089173,57.3261402182191,5.295296214469197,0.09575177981270562,34.17890669453365,118.0,14.98181861803453,-2.1322185223399
49,treatment,783898208,40.60785480505056,11.314025624687778,0.421050619795736,24.38252293798533,42.397071361542494,8.68763381144513,0.5395290280560704,25.43791782587771,118.0,1.7892165564919367,-2.6263918132426483
50,treatment,996106906,43.732569547373906,12.721794747356745,0.06283867383395098,26.27278099063567,78.85562061040179,16.05224432459726,0.4116783289478589,47.28992430241512,118.0,35.12305106302788,3.3304495772405165
51,treatment,664313540,44.32427736403709,7.958295405411565,0.017693326895628345,26.60744105015075,54.86519842527062,12.03648567130959,0.2154838442843947,32.90644687347161,118.0,10.540921061233533,4.078190265898025
52,treatment,409186442,41.82943944247644,7.343691475738508,0.3531169593958358,25.112610768734942,54.06309767980003,14.673728178803454,0.2034674854286933,32.426555115546634,118.0,12.233658237323588,7.3300367030649465
53,treatment,406386861,39.622716276872424,6.120189376976486,0.009507584086892734,23.780323188255636,60.24943002837944,9.608809927245089,0.038713742962113655,36.17067730863014,118.0,20.62671375150702,3.4886205502686023
54,treatment,417958745,39.309243844392945,5.446472007839339,0.03433372378696291,23.685392242738665,50.23477537712068,8.624550580300326,0.32533336857547845,30.14586098664316,118.0,10.925531532727732,3.1780785724609872
55,treatment,814020384,42.15047674671011,10.165255563471069,0.024782720673290175,25.29420743642812,51.47173279832445,9.512696832255026,0.19060941283418797,30.887868524104103,118.0,9.321256051614341,-0.6525587312160432
56,treatment,321215732,42.40362847778461,8.665676351589415,0.2733957824063439,25.354371996279465,47.55597009081716,6.193499059257418,0.07973970772369106,28.567847163440423,118.0,5.152341613032554,-2.472177292331997
57,treatment,166972919,42.80221708452646,6.095386217581579,0.022557953855351007,25.679666025708958,53.978029930768535,6.556316155674715,0.21533029829248002,32.41250629934191,118.0,11.175812846242074,0.46092993809313576
58,treatment,334291442,45.87573576351312,5.26897482945782,0.09710730996810779,27.25665121291951,46.19611304051394,9.274530621819713,0.16962498257025194,27.729031175486416,118.0,0.32037727700082286,4.005555792361893
59,treatment,106142582,41.867589999834195,8.471530151148105,0.280222673158609,25.072755137319007,73.00420468170012,14.142543637506998,0.17845740919864678,43.816663358266744,118.0,31.13661468186592,5.671013486358893
60,treatment,90047860,40.27762763470884,15.281922556625316,0.4199036433246832,24.1446799664594,61.497031975101926,17.80368597693933,0.5533422510377739,36.91276359583713,118.0,21.219404340393083,2.5217634203140147
61,treatment,771552413,43.65479203784954,10.69112423728637,0.2103448416196846,26.211151005825272,51.04891648349648,11.495869743794074,0.27736561189306336,30.61450681617026,118.0,7.394124445646938,0.8047455065077038
62,treatment,722359350,42.149494420211596,7.9313663871871345,0.35364289596767456,25.31768553775959,50.05734865752168,10.881060225085712,0.3598087201899887,30.04795233908272,118.0,7.907854237310083,2.949693837898577
63,treatment,696770792,41.47170314795352,5.880543257285342,0.1315442656964525,24.85579511423672,50.08149031681757,6.491986276311259,0.2585684199973382,30.048848503700604,118.0,8.609787168864052,0.6114430190259172
64,treatment,461877230,42.61656607618008,6.020452021837242,0.27574372605131975,25.35088998437197,63.2127087541315,11.067940743113896,0.5771354448579807,37.933967041268815,118.0,20.59614267795142,5.047488721276654
65,treatment,717058512,38.70718987074445,6.143633537566481,0.26713207705642233,23.174348134888074,61.15949303438446,10.397977325283055,0.24649185082439798,36.68626910438524,118.0,22.45230316364001,4.254343787716574
66,treatment,161271778,43.38557745939006,8.305389627219483,0.18628920761095577,26.055720527219936,48.013702898359014,5.6060022840952355,0.11589576736589752,28.78362427192672,118.0,4.628125438968951,-2.699387343124248
67,treatment,501044774,39.95828916070176,7.068803694943697,0.14643881380670948,23.979190767533,68.42662003396956,5.814866912872443,0.18551920176620207,41.08435783468235,118.0,28.468330873267796,-1.2539367820712544
68,treatment,938051391,41.68687047674878,7.383865938206216,0.005972302032638069,24.981645260743548,42.26321334174143,9.588968205361468,0.04229606924560104,25.358284207648254,118.0,0.5763428649926468,2.205102267155252
69,treatment,152312102,40.6542537445788,8.584366131048608,0.4121452692811099,24.376177274045006,51.25669618656118,10.285524848064927,0.04249453141057941,30.758596333653244,118.0,10.602442441982376,1.7011587170163196
70,treatment,696320374,35.048266390805004,17.393759193985055,0.3626542977006004,21.05339670477749,43.51931238296701,16.569287698468226,0.8758612351689378,26.120368747588078,118.0,8.471045992162004,-0.8244714955168284
71,treatment,495625870,42.46117349460525,8.779714865121225,0.05466896570092303,25.512392920468994,75.47091078975396,10.217100269001469,0.5299589876434815,45.29631942131983,118.0,33.00973729514871,1.4373854038802438
72,treatment,446156275,39.42983668302596,9.959111596919662,0.1392137892994766,23.656276922545672,46.821783147667304,13.314737733094313,0.5546585273440143,28.115782488566932,118.0,7.391946464641343,3.355626136174651
73,treatment,238766265,43.14047663192923,7.576426956188624,0.2529844705175472,25.892797246848666,53.915339780000195,5.9220691309459115,0.3580584066361081,29.945978126279098,118.0,10.774863148070963,-1.6543578252427125
74,treatment,301512089,43.23882054777395,7.281714602240078,0.08178146219191393,25.969679409057132,55.98246380813817,8.679201348539774,0.06109930167120422,33.58072079664152,118.0,12.743643260364223,1.3974867462996956
75,treatment,683700662,39.934517411388455,10.220873676326311,0.48292822375153366,23.945238205727435,48.205675314502315,13.18114552287825,0.43425762610054425,28.933266314611142,118.0,8.27115790311386,2.9602718465519384
76,treatment,630282592,41.471163493842,7.439258111100704,0.19448303521141552,24.886282049296234,70.21757207228987,5.358762254551844,0.021614514308170327,42.142046296187765,118.0,28.74640857844787,-2.0804958565488603
77,treatment,607196431,42.71610099588305,8.383611136062196,0.14573422303379857,25.64107970104755,72.22388352247329,7.1147579395930665,0.01580018073382,43.290102444443384,118.0,29.507782526590233,-1.2688531964691299
78,treatment,361812610,38.25885830616681,10.573867256480792,0.1957314525872485,22.925755616762657,53.097310747729225,14.064633537754911,0.6526704914447422,31.86508693015715,118.0,14.838452441562417,3.4907662812741194
79,treatment,959692583,44.023703860900554,9.399836095117248,0.17535762669924743,26.403080263972402,46.385556005419375,7.759974536689482,0.36406456651078645,27.82837624343993,118.0,2.3618521445188208,-1.639861558427766
80,treatment,87649919,41.13434167423447,7.6476621947056085,0.02255392685683757,24.698309458932613,45.1001383976555,13.606625890797128,0.21976625525705615,27.054446518818004,118.0,3.965796723421029,5.958963696091519
81,treatment,342590774,42.848548513752974,10.077601922157267,0.12488103014433338,25.720183146003738,54.07197155529635,9.87671015879119,0.47136072692033,32.42349143210086,118.0,11.223423041543377,-0.20089176336607828
82,treatment,338943805,38.00613102858364,8.665401880511991,0.13582086785124478,22.814955444808067,55.08543740318617,6.42238857691293,0.16771601284148044,33.06302487870049,118.0,17.07930637460253,-2.243013303599062
83,treatment,961897664,41.83056563017353,7.887117674856815,0.2198369725492823,25.17372159519114,52.846190962704334,7.088209659207654,0.4775486178778873,30.738040659776146,118.0,11.015625332530803,-0.798908015649161
84,treatment,366263536,40.868751781867054,5.767602504167127,0.1275314997054749,24.512560708090295,56.60741945377611,5.535460100166001,0.020797445097939068,34.00327816255053,118.0,15.738667671909056,-0.2321424040011255
85,treatment,908580690,43.22218328608748,8.309728327482965,0.43103069499814056,25.90767281121487,51.71744266110362,9.121034106514491,0.538431674612079,31.00593427125232,118.0,8.49525937501614,0.8113057790315263
86,treatment,495065658,38.08620478477521,7.059354368826353,0.30657079376223173,22.88132268609476,47.79020437102229,10.686243862368153,0.3937092126436122,28.65538959148169,118.0,9.703999586247079,3.6268894935417997
87,treatment,699707133,40.061008839539895,7.970985546198419,0.028886739183938876,24.0445412154636,55.56579008503664,5.388965005076473,0.1084412331486404,33.10034276988707,118.0,15.504781245496744,-2.5820205411219455
88,treatment,457417486,42.04931975644869,6.934387870760741,0.32774596814055396,25.219091994978378,45.19455791709821,5.000720395484033,0.07948839117902445,26.507039339494245,118.0,3.1452381606495194,-1.9336674752767076
89,treatment,265869961,42.524288252967025,9.4246336831535,0.49515491562253333,25.495994899091425,56.806192807049804,7.232980211617747,0.236672732485766,34.060518885435734,118.0,14.281904554082779,-2.191653471535753
90,treatment,764229452,42.35710568692331,8.159292101264596,0.37618809585820223,25.44409854061832,46.44680893089912,11.955390766253993,0.44985298349330083,27.871099807865058,118.0,4.089703243975805,3.7960986649893975
91,treatment,969176377,40.94967334879479,8.319827961944878,0.302314941418354,24.574032607341504,67.2282700882213,11.435929739289003,0.2658071714690633,40.31572157310733,118.0,26.278596739426504,3.1161017773441255
92,treatment,263524860,41.999463660273776,6.458600566437655,0.20541626995880444,25.189563901298786,62.676935443510565,6.724876986666151,0.188067154141809,37.61800190624611,118.0,20.67747178323679,0.26627642022849596
93,treatment,778750903,39.74259708248881,5.1494012300539564,0.03556591555414191,23.80142088785643,44.03370975345142,6.672253977117507,0.18796754431417564,26.411890063794644,118.0,4.291112670962612,1.522852747063551
94,treatment,716890189,42.23565335469716,7.4063149918349245,0.19400938664846962,25.289259826508694,55.36753095021005,10.964031715309227,0.30662552653566866,33.17319728877523,118.0,13.13187759551289,3.557716723474303
95,treatment,789006562,40.157192923737476,6.578124990912198,0.08868186435306097,24.082503659243788,47.70918565606653,5.251363604846614,0.07512750694425913,28.45938362341394,118.0,7.5519927323290545,-1.3267613860655842
96,treatment,449361501,41.53062765061958,6.002805898810286,0.2875491078647519,24.562423843845295,67.24743795296177,13.61399840151947,0.33609989391956785,40.36646488427114,118.0,25.716810302342196,7.6111925027091845
97,treatment,736919598,45.086162533039285,10.395525033036025,0.36899850287392116,27.056525872003462,45.232664969562144,7.4514440989174835,0.3936644116672849,27.152624788820184,118.0,0.14650243652285866,-2.944080934118541
98,treatment,272241561,39.13906990806225,9.668740144011569,0.49795988302043814,23.466930510836235,56.028255041917916,15.150518433840057,0.7735790243627307,33.635154426771805,118.0,16.88918513385567,5.481778289828489
99,treatment,96390962,38.270722940418125,7.014354360117058,0.023844119981968087,22.941667567409638,52.114146250072224,6.470134818412985,0.2246035299770037,31.264789222399887,118.0,13.8434233096541,-0.5442195417040727
100,treatment,447023719,41.964894307392306,6.545986491661668,0.02666864997112643,25.165981196850066,54.8480810326022,10.529975620799528,0.12059106257695901,32.907643359564894,118.0,12.883186725209896,3.9839891291378597
